product_id,pro_name
4,Coffee coco butter ylang ylang soap 125gm (Copy)
5,OW' Real Tulsi Green Tea + Saffron -25 bags
10,Aum Fresh Sundarikalp Tea 50 gm (25 Tea Bags)
11,Baby natural laundry wash 1000 ml
12,Kairali Amruthotharam Kashayam (200 ml)
13,Aum Fresh Nidrakar Tea 50 gm (25 Tea Bags)
14,Aum Fresh Memory Tea 50 gm (25 Tea Bags)
15,Kairali Balaguluchyedi Kashayam (200 ml)
16,Aum Fresh Gas Relief Tea 50 gm (25 Tea Bags)
17,Aum Fresh Vajikaran Tea 50gm (25 Tea Bags)
18,Kairali Cheriya Rasnadi Kashayam (200 ml)
19,Aum Fresh Shwas Tea 50 gm (25 Tea Bags)
20,Aum Fresh Stress Free Tea 50 gm (25 Tea Bags)
21,Kairali Chiruvilwadi Kashayam (200 ml)
22,Aum Fresh Sandhivata Tea 50 gm (25 Tea Bags)
23,Kairali Dasamooladi Kashayam (200 ml)
24,Aum Fresh Medohar Tea 50 gm (25 Tea Bags)
25,Aum Fresh Skin Glow Tea 50 gm (25 Tea Bags)
26,Aum Fresh Pachak Tea 50 gm (25 Tea Bags)
27,Aum Fresh Hridya Tea 50 gm (25 Tea Bags)
28,Aum Fresh Cold Relief Tea 50 gm (25 Tea Bags)
29,Kairali Dhanwantharam Kashayam (200 ml)
30,Kairali Drakshadi Kashayam (200 ml)
31,Kairali Guggulu Thiktham Kashayam (200 ml)
32,Aum Fresh Masala Chai 50 gm (25 Tea Bags)
33,Kairali Indukantham Kashayam (200 ml)
34,Kairali Sahacharadi Kashayam (200 ml)
35,Kairali Sukumaram Kashayam (200 ml)
37,Kairali Valiya Rasnadi Kashayam (200 ml)
38,Chamong Organic Darjeeling Regular Tea Bag Combo  ( 25 X 4 Box = 100 Tea Bags)
39,Kairali Varanadi Kashayam (200 ml)
40,Kairali Nishakathakadi Kashayam (200 ml)
41,Chamong Organic Lemon Green Regular Tea Bag Combo ( 25 X 4 Box = 100 Tea Bags)
42,Chamong Organic Lemon Splash Envelope Tea Bag ( 25 X 1 Box = 25 Tea Bags )
43,Kairali Dadimadi gritham 150gms
45,Kairali Kalyana Gudam (250 grams)
46,Kairali Manibhadra Gudam (250 grams)
47,Kairali Narasimha Rasayanam (250 grams)
48,Kairali Thrivrith Lehyam (250 grams)
49,Kairali Chandraprabha Gulika (100 Pills)
50,Chamong Organic Darjeeling Green Envelope Tea Bag Combo ( 25 X 4 Box = 100 Tea Bags )
51,Kairali Dhanwantharam Gulika (100 Pills)
52,Kairali Kaisore Guggulu (100 Pills)
53,Chamong Organic Darjeeling Green Envelope Tea Bag ( 25 X 1 Box = 25 Tea Bags )
54,Kairali Manasamitram Gulika (100 Pills)
55,Chamong Organic Lemon Green Regular Tea Bag ( 25 X 2 Box = 50 Tea Bags )
56,Kairali Yograj Guggulu (100 Pills)
57,Chamong Organic Tulsi Green Envelope Tea Bag Combo ( 25 X 4 Box = 100 Tea Bags )
58,Chamong Organic Tulsi Green Envelope Tea Bag ( 25 X 1 Box = 25 Tea Bags )
59,Kairali ashta choornam 50gms
60,Kairali avipathy choornam 50gms
61,Kairali Dasanakanthi Choornam (50 grams)
62,Kairali eladi choornam 50gms
63,Amla & Ashwagandha powder 200gm
64,Aumfresh Amla powder 200gm
65,Kairali Gulgulupanchapalam Choornam (50 grams)
66,Aumfresh Chives flakes 50gm
67,Aumfresh Garlic granules 50gm
68,Aumfresh Ginger powder 200gm
69,Kairali Hinguvachadi Choornam (50 grams)
70,Aumfresh Lemon grass powder 50gm
71,Aumfresh Moringa leaf powder 150gm
72,Kairali Kachoradi Choornam (10 grams)
73,Aumfresh Wheat grass powder 100gm
74,Kairali Kachoradi Choornam (50 grams)
75,Aumfresh Barley grass powder 100gm
76,Aumfresh Spinach powder 150gm
77,Aumfresh Spring Onion Flakes 50 gm
78,Aumfresh Triphala powder 200gm
79,Aumfresh Tulsi flakes 100gm
80,Aumfresh Turmeric Powder 200 gm
81,Kairali Kottamchukkadi Choornam (100 grams)
82,Kairali Nimbadi Choornam (50 grams)
83,Kairali Rasanadi Choornam (10 grams)
84,Kairali Rasanadi Choornam (50 grams)
85,Kairali Shaddharana Choornam (50 grams)
86,Kairali Thaleespatradi Choornam (50 grams)
87,Kairali Vaiswanara Choornam (50 grams)
88,Kairali Valiya Karpooradi Choornam (50 grams)
89,Kairali Anu Thailam (10 ml)
90,Kairali Balaguluchyadi Kera Thailam (200 ml)
91,Kairali Balaswagandhadi Thailam (200 ml)
92,Kairali Bala Thailam (10 ml)
93,Kairali Cheriya Chandhanadi Thailam (200 ml)
94,Kairali Dhanwantharam Thailam (200 ml)
95,Kairali Dhoordhoorapathradi Kera Thailam (200 ml)
96,Kairali Eladi Kera Thailam (200 ml)
97,Kairali Gandha Thailam (10 ml)
98,Kairali Karpasasthyadi Thailam (200 ml)
99,Coffee coco butter ylang ylang soap 125gm
100,Kairali Karpooradi Thailam (200 ml)
101,Wheat Germ Orange vit E Soap 125gm
102,Kairali Kayyanyadi Kera Thailam (200 ml)
103,Moisturizing Aloe Vera Jasmine 125gm
104,Almond Rose Jojoba soap 125gm
105,Kairali Kayyanyadi Thailam (200 ml)
106,Kairali Kottamchukkadi Thailam (200 ml)
107,Cinnamon Honey Lavendar 125gm
108,Aromatic Lemongrass Shea Butter Clove 125gm
109,Kairali Ksheerabala(101) (10 ml)
110,Apple Cider  Bergamot Soap 125gm
111,Kairali Lakshadi Kuzhambu (200 ml)
112,Kairali Maharajaprasarani Thailam (10 ml)
113,Goat Milk Lavendar Soap 125gm
114,Kairali Nalpamaradi Thailam (200 ml)
115,Walnut Cinnamon Scrub Soap 125gm
116,Oatmeal Lemongrass Soap 125gm
117,Kairali Neelibringadi Kera Thailam (200 ml)
118,Fuller Earth Papaya Extract 125gm
119,Kairali Neelibringadi Thailam (200 ml)
120,Creamy Orange Mustard Seeds 125gm
121,Kairali Pinda Thailam (200 ml)
122,Kairali Prabhanjanavimardanam Thailam (200 ml)
123,Pumpkin seed Ylang Ylang 125gm
124,Kairali Sudhabala Thailam (200 ml)
125,Kairali Thriphaladi Kera Thailam (200 ml)
126,Mocha  Calendula Cedar 125gm
127,Kairali Valiya Chinchadi Thailam (200 ml)
128,Calendula  Rosemary Shea Butter 125gm
129,Kairali Valiya Narayana Thailam (200 ml)
130,Kairali Valiya Sahacharadi Thailam (200 ml)
131,Avocado Peppermint Tea Tree Vit E 125gm
132,Tulsi Rosemary Shea Butter Vit E Soap 125gm
133,Charcoal Cedar Soap 125gm
134,Neem Oil Tea Tree Clove 125gm
135,Calamine Rosemary Soap 125gm
136,Mulethi Turmeric Sandal Soap 125gm
137,Honey Rose Vit E 125gm
138,Anti-aging Argan Aloe Cucumber 125gm
139,Turmeric Lemon Clarifying 125gm
140,Green Tea Lemongrass 125gm
141,Tulsi Aloe Honey Geranium 125gm
142,Neem Basil Sandalwood 125gm
143,Sandalwood Almond  Vit E Avocado Neem  125 gm
144,Refreshing Bath Oil 150ml
145,Toning 5 Element Massage  Oil 150ml
146,Baby Soothing Massage Oil 150ml
147,Stress Relief Massage Oil 150ml
148,Deep Sleep Relaxation Oil 150ml
149,Pain Relief Oil 150ml
150,Arogya Rahasya Amla juice 500ml
151,Arogya Rahasya Karela juice 500ml
152,Arogyarahasya Jamun juice 500ml
153,Arogya Rahasya Karela jamun juice 500ml
154,Arogya Rahasya Neem juice 500ml
155,Arogya Rahasya Giloy juice 500ml
156,Arogyarahasya Turmeric juice 200ml
157,Darjeeling Green tea with Rose Petals 10 tea bags
158,Darjeeling Green Tea with Arjun Bark (Ayurvedic Herb) 50gms
159,Green tea with lemongrass-50gm
160,Darjeeling Green tea with Ginger
161,Green Tea with Indian Masala
162,Organic Moringa Powder ayurvedic shigru powder 100gms
163,Darjeeling  Black Tea FTGFOP 1 50gms
164,Woods n petals Chamomile Tea -10 bags
165,Sweet Almond Cocoa Body Butter 100gm
166,Green Tea with Jasmine Flower -10 bags
167,Arogya rahasyamulu Telugu book
168,Arogya Rahasya Godhan Telugu book
169,White Tea -10 bags
170,Arogya Rahasya Idi swatantryama banisatwama Telugu book
171,Organic moringa mint tea  ( Ayurvedic shigru pudina chai ) -10 bags
172,Organic moringa ashwagandha tea  (Ayurvedic shigru ashwagandha chai ) -10 bags
173,Organic moringa ginger tea  ( Ayurvedic shigru adrak  chai ) -10 bags
174,Moringa Curry Leaves Hair Pack
175,Orange Peel Powder
176,Arogya rahasyamulu Telugu CD 1pc
177,Ayurvedic ubtan / kanti lepa ( face and body bath powder ) 75gms
178,Arogya Rahasya Godhan Telugu CD 1pc
179,Arogya Rahasya Godhan Hindi CD 1pc
180,Organic Moringa Powder ayurvedic shigru powder 100gms
181,Ayurvedic Ubtan Set of 2-75gm
182,Moringa Curry Leaves Hair Pack Set of 2-75gm
183,Arogya Rahasya Idi swatantryama Baanisatvama Telugu CD
184,Moringa Ginger Set of 2
185,Moringa Ashwagandha Set of 2
186,Arogya Rahasya Kya yah aazadi hai ya ghulami Hindi CD 1pc
187,Arogya Rahasya Ganapathi Utsavalu endhuku Telugu CD 1pc
188,Moringa Mint Set of 2
189,Avocado Healing Shea Body Butter 100gm
190,Green Tea with Indian Masala Set of 2
191,White Tea Set of 2
192,Vit E Anti-Stretch Shea Body Butter 100gm
193,Green Tea with Ginger Set of 2
194,Sandalwood Diaper Rash Baby Butter 100gm
195,Chamomile Tea set of 2
196,Darjeeling Green tea with Lemongrass 50gms
197,Darjeeling Green Tea with Arjun Bark (Ayurvedic Herb) 50gms
198,Arogya Rahasya Trifala churn 200gms
199,Arogya Rahasya Baheda churn (Taanikaya) 200gms
200,Arogya Rahasya Ashwagandha churn 200gms
201,Arogya Rahasya Arjuna churn  200gms
202,Arogya Rahasya Gomutra ghanavati tablets with trifala-120 tab
203,Arogya Rahasya Desi cow ghee 400gms
204,Aloe Shea Rejuvenating Cream 100gm
205,Carrotseed Neroli Anti-Wrinkle Cream 100gm
206,Veda’s Rose Essence 120ml
207,Aumfresh Freeze Dried Strawberry 25gm
208,Aumfresh Freeze Dried Kiwi 25gm
209,Aumfresh Freeze Dried Mango 25gm
210,Aumfresh Freeze Dried Sweet Corn 50gm
211,Aumfresh Freeze Dried Pine Apple 25gm
212,Aumfresh Freeze Dried Green Peas 50gm
213,Gow darbar blue agarbatti 75gms
214,Rocksalt lamp crstal
215,Gow darbar blue agarbatti 25gms
216,Arogya Rahasya Himalayan Rock salt lamp for healing benefits and also decoration
217,Gow darbar gold agarbatti 75gms
218,Arogya Rahasya Himalayan Rock salt Globe Lamp
219,Veda Essential oils Skin Cream and Soap Combo
220,Gow darbar gold agarbatti 25gms
221,Veda Carrotseed Skin Cream and Soap Combo
222,Veda Herbal Natural Skin Cream and Soap Combo
223,Veda Combo (Soaps and Oil)
224,AumfreshBarbeque Seasoning 30 gm
225,Arogya rahasya Harad churn 200gms
226,Arogyarahasya Amla churn 200gms
227,Gomutra ark 500ml
228,Gomutra ark 200ml
229,Arogya Rahasya Aloe vera juice 1 lit
230,Gomutra ark 1 lit
231,Arogya Rahasya Aloe vera juice 500ml
232,Arogya Rahasya Aloe vera orange juice 500ml
233,Arogya Rahasya Yakritjeet juice 200ml
234,Brahmi Amla hair oil-100ml
235,Bhringraj Tel (Hair oil)
239,Arogya Rahasya Neem swaras 500ml
240,Arogya Rahasya Visharahita Vyavasayam Telugu CD
241,Arogya Rahasya Swasya Katha Hindi CD
242,Arogya Rahasya Go Adharitha Farming Telugu
243,Gita Ayurvedic shampoo Herbal 500ml
244,Ayurvedic shampoo Herbal 200ml
245,AumfreshBarbeque Seasoning 25gm
246,Aumfresh Fish Fry Mix Seasoning 40 gm
247,Aumfresh Italian Seasoning 10 gm
248,Aumfresh Mexican Seasoning 35 gm
249,Aumfresh Oregano 10 gm
250,Aumfresh Parsely 10 gm
251,Aumfresh Red Chilli Flakes 25 gm
252,Aumfresh Rosemary 10 gm
253,Aumfresh Salad Seasoning 35gm
254,Aumfresh Thyme  10 gm
255,Ayurvedic shampoo Herbal 100ml
256,Brahm Rasayan
259,Chyavanprash
262,Panch sakaar churna 100gms
263,Amlamrut  Amla pickle
267,Madhumehantak vati 50gms
268,Brahmi vati 20gms
269,Shudh shilajeet 50gms
270,Arshoghni vati 20gms
271,Amlamrut Amla Jam 200gms
272,Amlamrut  Amla bite 200gms
273,Shankha pushpi syrup
276,Gita Amla Ras
279,Khadi Assorted Fruit Soap 125gms
280,Khadi  Haldi Chandan  Soap 125gms
281,Amlamrut  Amla ginger candy
284,Khadi Honey Almond Soap 125gms
285,Khadi Jasmine Soap 125gms
286,Narayan tel-100ml
287,Khadi Lemon fresh soap 125gms
288,Khadi Lemon grass soap 125gms
289,Khadi Musk soap 125gms
290,Amlamrut  Amla candy
293,Khadi Neem soap 125gms
294,Khadi Aloevera Neem soap 125gms
295,Amrut pae (Tea powder) 100gms
296,Amlamrut Masala candy
299,Khadi Orange soap 125gms
300,Khadi Peach soap 125gms
301,Khadi Pineapple soap 125gms
302,Panchagavya dhoop sticks rose 15 sticks
303,Amlamrut Salted candy
306,Khadi Rain forest soap 125gms
307,Panchagavya dhoop sticks sandal 15 sticks
308,Khadi Rose soap 125gms
309,Amlamrut salted amla 50gms
310,Goseva Daani Falamu Book Telugu
311,Amlamrut Amla pachak
314,Amlamrut  Amla murabba 500gm
317,Khadi Tea tree soap 125gms
318,Khadi Neem & Tulsi soap 125gms
319,Khadi White musk soap 125gms
320,Amlamrut Amla laddu 200gms
321,Khadi Aloe vera face wash 200ml
322,Khadi Lemon & Honey face wash 200ml
323,Amruth Paya 100gms
324,Khadi Strawberry facewash 200ml
325,Anardhana 100gms
326,Amlamrut  Amla squash 650ml
327,Khadi Amla reetha shampoo 200ml
328,Khadi Honey almond shampoo 200ml
329,Khadi Saffron reetha shampoo 200ml
330,Khadi Neem reetha shampoo 200ml
331,Goratna medohari ark 500ml
332,Goratna Sanjivini ark 500ml
333,Goratna Vataari ark 500ml
334,Amlamrut  Honey murabba 500gms
335,Goratna Chandan dhoop sticks 20sticks
336,Goratna Gopala dhoop 100gms
337,Goratna Herbal kalyani mosquito coil
338,Goratna Madhumeh churn 100gm
339,Goratna Aloevera panchagavya soap 75gms
340,Goratna Transparent panchagavya soap 75gms
341,Goratna Sandal with panchgavya soaps 75gms
342,Sampradayam bath powder 125gms
343,Goratna Handwash 250ml
344,Chilli powder-Natural farming 250gms
345,Go-Ratna Amla shampoo 200ml
346,Goratna Reetha shampoo 200ml
347,Goratna Pearl shampoo 200ml
348,Coriander spice powder 60gms
349,Curry leafs spice powder 60gms
350,"INLIFE Ashwagandha Extract (2.5% Withanolides) 500mg, 60 Veg Capsules, Stress Reliever"
351,Goratna Kala thail 50ml
352,INLIFE Noni Juice Concentrate with Garcinia Cambogia & Aloe Vera (1 Litre)
353,Flaxi masala papad 80gms
354,Flaxi Nutri Bar Chikki (12pkts)
355,Flaxseeds spice powder 100gms
356,Horse gram spice powder 100gms
357,Goratna Javik Keet Rodhak neem 1lit
358,Mint spice powder 60gms
359,"INLIFE Natural Aloe Vera Face Gel 100 gm, Anti Ageing Moisturizer, Paraben Free"
360,"INLIFE Natural Night Gold Cream, 50 gm, Skin Whitening, Anti aging for Men,Women"
361,Moringa papad'z 80gms
362,Goratna Ujjwala toilet cleaner 500ml
363,Moringa leaf powder 100gms
364,Niger seeds spice powder 100gms
365,Pea nut spice powder 60gms
366,Pea nut moringa chikki (12pkts)
367,"INLIFE Grape Seed Extract (95% Polyphenols) 500mg, 60 Vegetarian Capsules, Potent Antioxidant"
368,"INLIFE Antioxidants, 60 Tablets with Lycopene, Immune Booster Supplement"
369,Goratna Nethra Jyothi 10ml
370,Goseva-Gokripa Gau amrit soap 75gms
371,"INLIFE  Vitamin D3 (Cholecalciferol), 1000 IU, 60 Capsules For Bone Health "
372,Goseva-Gokripa Angrakshak soap 68gms
373,"INLIFE Calcium Vitamin D3, 60 Tablets For Healthy Bone,Knee & Joint Health"
374,"INLIFE  Vitamin D3 (Cholecalciferol), 2000 IU, 60 Capsules For Bone Health "
375,INLIFE Joint Support Supplement (60 Vegetarian Capsules)
376,Face pack rose 20gms
377,Shikakai soap (Hair) 75gms
378,Face pack sandal 20gms
379,Kesar Goti soap (Face) 50gms
380,Ashtagandha powder 20gms
381,Camphor
386,Attar chameli 5ml
387,Attar sandalwood 5ml
388,Attar kevada 5ml
389,Attar mogra 5ml
390,Chandan(Sandal) agarbatti 25gms
393,Jasmin (chameli) agarbatti 150gms
397,Kewda agarbatti 25gms
400,INLIFE Fish Oil (Omega 3) 500 mg 60 Capsules 180/120 EPA DHA For Brain Health
401,Rajinigandha agarbatti 25gms
404,INLIFE Ginkgo Biloba Extract (Flavons Glycosides > 24%) 120mg (60 Vegetarian Capsules) for Healthy Brain Function
405,"INLIFE Natural Arjuna Extract (Tannins > 25%), 500mg 60 Veg Capsules For Cardiac & Brain Health"
406,"INLIFE Natural Breast Firming Massage Cream,100g For Breast Shaping & Tightening"
407,"INLIFE Natural Breast Enlargement Cream, 100 gm For Improvement in Breast Size"
408,Ashtagandha soap 75gms
409,Jasmine soap 75gms
410,Neem soap 75gms
411,INLIFE Digestion Support Supplement (60 Vegetarian Capsules)
412,Panchamrut soap 75gms
413,Sandalwood soap 75gms
414,"INLIFE Moringa Oliefera Leaf Extract 500mg, 60 Vegetarian Capsules, Weight Loss & Digestion"
415,Tulsi soap 75gms
416,"INLIFE Spirulina 500mg, 60 Vegetarian Capsules, Green Super Food For Digestion"
417,Sanatan Ubtan -20gm
420,"INLIFE Lycopene Wheat Germ Oil, 30 Veg Capsules For Prostate & Cardio Health"
421,"INLIFE Immune Care (300g) Immunity Booster/Support Supplement, Whey Protein Powder with Ayurvedic Herbs"
422,INLIFE Immunity Plus Supplement (60 Veg. Capsules)
423,Being Desi Almond honey 300gms
424,Goseva-Gokripa Angamardanam tailam 60ml
425,Being Desi Ginger honey 300gms
426,Being Desi Honey amla candy 250gms
427,Being Desi Tulsi honey 300gms
428,Being Desi Turmeric honey 300gms
429,Goseva-Gokripa Saatvik dhoop -12pcs
430,Being Desi Weight watcher & Detoxifier honey 300gms
431,Goseva-Gokripa Cow kiddy bank
432,"INLIFE Livstan (300g) Liver Cleanse/Care/Support Supplement, Whey Protein Powder with Ayurvedic Herbs"
433,Banjara's Black henna aloevera 20gm
434,INLIFE Milk Thistle (80% Silymarin) 400mg (60 Vegetarian Capsules) Liver Cleanse Detox Support Supplement
435,Goseva Gopika soap 75gms
436,Banjara's Black henna amla
439,"INLIFE  Mass Gainer Protein Powder 5 lbs, Chocolate Flavor, Muscle & Weight Gain-2.27kg "
440,Banjara's Brazilian henna 9gm
441,Goseva-Gokripa Goreal soap 68gms
442,"INLIFE Mass Gainer Powder 2 lbs, Chocolate Flavor For Muscle & Weight Gain-908gm"
443,"INLIFE Fish Oil (Omega 3) with Coenzyme Q10, 60 Capsules For Cardio & Sexual Health"
444,Banjara's Black henna hibiscus
446,"INLIFE Vitality and Vigour, Libido Enhancement (60 Vegetarian Capsules)"
447,Banjara's Gold facial kit 60gms
448,Goseva-Gokripa Carbon soap 75gms
449,"INLIFE Diastan Supplement, Diabetic Care Sugar Balance (60 Vegetarian Capsules)"
450,Goseva-Gokripa Aloevera soap 75gms
451,INLIFE Diastan Plus Powder (300g) Diabetes Care Ayurvedic Herbal Powder
452,"INLIFE Karela, Bitter melon, 500 mg 60 Vegetarian Capsules For Sugar Balance "
453,Banjara's Natural henna 500gms
454,Goseva-Gokripa Chandan soap 75gms
455,"INLIFE  Natural Garlic Oil, 60 Capsules For Heart,Cholesterol and Weight Loss"
456,Banjara's Papaya facial kit 60gms
457,Goseva-Gokripa Jasmine soap 75gms
458,Banjara's Pearl facial kit 60gms
459,"INLIFE Coconut Extra Virgin Cold Pressed Deodorized Oil, 60 Veg Caps For FatLoss"
460,"INLIFE Garcinia Cambogia Extract (60% HCA) 500mg 60 Vegetarian Capsules, For Weight Loss"
461,Goseva Soap Gopika Panchagavya﻿ -75gms
462,"INLIFE Slimming Gel,100 gm With Garcinia Cambogia For Inch Loss & Fat Metabolism"
463,Banjara's Premium rose water
466,Goseva-Gokripa Aloevera shampoo 100ml
467,"INLIFE Natural Chitosan, 350 mg Supplement 90 Capsules For Weight & Fat Loss"
468,Deha organics Chamomile Green Tea -50gms jar
469,Goseva Tejaswini face pack -100gms
470,Deha organic Leamon Grass Green Tea -50gms jar
471,"INLIFE Bhringraja 500mg Extract (60 Vegetarian Capsules) for Hair, Skin and Nails"
472,"INLIFE Hair Skin and Nails, 60 Tablets With 10,000 mcg Biotin, For Hair Fall "
473,Goseva-Gokripa Panchagavya & Fruit face wash 50ml
474,INLIFE Hair Support Supplement (60 Vegetarian Capsules)
475,INLIFE Natural Hibiscus Anti hair Fall Shampoo 200ml Soap Paraben Free  
476,Goseva-Gokripa Brahmi oil 100ml
477,"INLIFE Vitamin E 400 IU Wheat Germ Oil, 60 Capsules For Hair Fall & Acne Marks  "
478,INLIFE Natural Day Gold Cream 50 gm With SPF 20 For Skin Whitening & Acne Scars
479,"INLIFE Vash - Ayurvedic Female Intimate Hygiene Wash - 200ml, Paraben Free"
480,Goseva Neem Gojharan Handwash -200ml
481,Goseva Hawan Samagri 200gm
482,"INLIFE Natural Fruit Face Scrub,100gm,Paraben Free Best Exfoliator For Acne "
483,Goseva Easy Dishwash Gel
486,INLIFE Natural Aloe Vera Neem Moisturizing Face Lotion 200ml Paraben Free
487,Goseva Danth manjan
490,"INLIFE Herbal Hair Oil, 200 ml For Deep Nourishment Of Hair Roots, Paraben Free"
491,Gau Naturals Garam masala powder 100gms
492,"INLIFE Natural Papaya Fairness Cream 100 gm, Moisturizer For Both Men and Women"
493,INLIFE  Natural Saffron Fairness Cream 100 gm For Blemishes Dark Circles & Spots
494,Gau Naturals Dhaniya powder 200gms
498,Gau Naturals Toordal powder 200gms
499,Akshaya's Pancha gavya shampoo 100ml
502,Gau Naturals Sambar powder 100gms
503,Akshaya's Aloe vera soap 75gms
504,Akshaya's Herbal soap 75gms
505,Gau Naturals Aswagandha chutney powder 90gms
506,Akshaya's Multani mitti premium soap 125gms
507,INLIFE Whey Protein Powder 1 lbs(Vanilla Flavour) Body Building Supplement-454gm
508,Akshaya's Neem Tulasi soap 75gms
509,INLIFE Whey Protein Powder 5 lbs (Coffee Flavor) Body Building Supplement-2.27kg 
510,Akshaya's Tulasi ark 500ml
512,INLIFE Whey Protein Powder 5 lbs (Cookie and Cream Flavor) Body Building Supplement-2.27kg
513,Gau Naturals Surabhi Hand made soap 100gms
514,INLIFE Whey Protein Powder 2 lbs  (Mango Flavour) Body Building Supplement-908gm
515,INLIFE Whey Protein Powder 5 lbs (Mango Flavor) Body Building Supplement -2.27kg
516,Gau Naturals Netranajan kajal - 3gms
517,Akshaya's Multan mitti soap 100gms
518,Akshaya's Pancha gavya premium soap 125gms
519,"INLIFE Safed Musli Extract, 500mg (60 Vegetarian Capsules) For Strength and Stamina"
520,Akshaya's Pancha gavya soap new 75gms
521,INLIFE Shilajit Extract (Fulvic Acid > 3%) 500mg (60 Vegetarian Capsules) For Stamina and Vitality
522,Dhampure Bura Sugar 500 gm
523,INLIFE Whey Protein Powder 2 lbs  (Strawberry Flavour) Body Building Supplement-908gm
524,INLIFE Whey Protein Powder 5 lbs (Strawberry Flavor) Body Building Supplement -2.27kg
525,Dhampure Demerara Sugar 1000 gm
526,Dhampure Cinnamon Cubes 500 gm
527,"INLIFE Tribulus Terrestris 40% Saponins, 500mg (Gokshura) 60 Vegetarian Capsules"
528,Dhampure Golden Syrup 735 Ml
529,INLIFE Whey Protein Powder 2 lbs  (Vanilla Flavour) Body Building Supplement-908gm
531,Dhampure Organic jaggery Powder 700 gm
532,INLIFE Whey Protein Powder 1 lbs(Cookie and Cream Flavour) Body Building Supplement-454gm
534,Dhampure Organic Brown Sugar 500 gm
535,INLIFE Whey Protein Powder 2 lbs  (Cookie and Cream Flavour) Body Building Supplement-908gm
536,Dhampure Organic White Sugar 500 gm
537,INLIFE Whey Protein Powder 2 lbs  (Coffee Flavour) Body Building Supplement-908gm
538,Dhampure Demerara Sugar 500 gm
539,INLIFE Whey Protein Powder 5 lbs (Chocolate Flavor) Body Building Supplement-2.27kg
540,Dhampure Candy Sugar 500 gm
541,INLIFE Whey Protein Powder 1 lbs(Chocolate Flavour) Body Building Supplement-454gm
542,Dhampure Coffee Crystal 500 gm
543,INLIFE Whey Protein Powder 1 lbs(Mango Flavour) Body Building Supplement-454gm
544,INLIFE Whey Protein Powder 2 lbs  (Chocolate Flavour) Body Building Supplement-908gm
545,Gou Ganga Mosquito coils
546,Dhampure Golden Syrup Straws 400 gm
547,Gou Ganga Jumbo Mosquito coil -10pcs
548,INLIFE Whey Protein Powder 1 lbs(Strawberry Flavour) Body Building Supplement-454gm
549,"INLIFE™ Flaxseed Oil Omega 369 fatty acids Supplement, 500mg (60 Capsules)"
550,Dhampure Muscavado Sugar 500 gm
551,"INLIFE Iron Folic Acid, 60 Tablets For Prenatal Health Of Women"
552,Green Farm Jaggery powder 400gms
553,Dhampure Swizzle Stick 80 gm
554,"INLIFE Coenzyme Q10, 100mg 30 Chewable Tablets Fertility Supplement For Male Female"
555,Dhampure Liquid Jaggery 735 Ml
556,"NLIFE Vitamin B12 Alpha lipoic acid (ALA),60 Tablets For Cognitive Memory Health"
557,"INLIFE Sweet Almond Extra Virgin Cold Pressed Oil, 60 Veg. Caps For Pigmentation"
558,Dhampure Sugar Sachets 500 gm
559,INLIFE Alpha Lipoic Acid 300 mg (60 Vegetarian Capsules)
560,Dhampure White Sugar Cubes 500 gm
561,"INLIFE Natural Black Seed Extra Virgin Cold Pressed Oil, 500 mg 60 Veg Capsules"
562,"INLIFE Cow Colostrum Supplement, 500mg (60 Vegetarian Capsules)"
563,INLIFE Fenugreek Seed Oil (60 Vegetarian Capsules) Sugar Balance and Womens Health
564,"INLIFE Green Coffee Bean Extract (50% Chlorogenic Acid) 800mg per Serving, 60 Vegetarian Capsules"
565,"INLIFE Green Tea Extract (With 70% Polyphenols) 500mg, 60 Vegetarian Capsules"
566,Health Sutra Jowar porridge tangy tomato 35gms
567,Dhampure Icing Sugar 1000 gm
568,"INLIFE Gymnema Sylvestre (Gymnemic Acid > 25%) 500mg, 60 Vegetarian Capsules"
569,Health Sutra Jowar porridge classic carrot
572,Dhampure Caster Sugar 1000 gm
573,INLFIE Krill Oil Phospholipid Omega 3 with Astaxanthin 500mg - 30 Capsules
574,"INLIFE L-Arginine 1000mg (60 Vegetarian Capsules) Per Serving, Nitric Oxide Precursor"
575,"INLIFE L-Carnitine L-Tartarate, 500mg (60 Vegetarian Capsules)"
576,"INLIFE Neem Seed Oil Supplement, 500mg (60 Vegetarian Capsules)"
577,Health Sutra Jowar rawa (upma/idli) 400gms
578,Honest Enterprises Coconut Hair Oil 200ml
579,"INLIFE Prebiotics & Probiotics,60 Capsules, Digestion Acidity Supplement"
580,Being Desi Unrefined Sesame Oil 500ml
581,"INLIFE Curcumin Advanced (95% Curcuminoids) 500mg, Turmeric Extract 60 Vegetarian Capsules"
582,Anamalaiyar's Ramana Sambrani DhupCone 12 pieces
583,"INLIFE Seabuckthorn Seed Oil (500mg) Omega 3,6,7,9 - 30 Vegetarian Capsules Supplement"
584,Health Sutra Jowar pepper pops 35gms
585,"INLIFE Tocotrienols & Wheat Germ Oil With Tocopehrols Vitamin E, 30 Capsules "
586,Health Sutra Jowar salted pops 35gms
587,Mosquito Repelent Spray 100ml
588,Aloe Refreshing and Cleansing Face Wipes 30nos
589,Health Sutra Yellow jowar flakes 250gms
590,Health Sutra Ragi flakes 250gms
591,Health Sutra Bajra flakes 250gms
592,Health Sutra Barley flakes 150gms
593,Health Sutra Ragi biscuits 100gms
594,Eco Remedies Anjaneya graviola fruit drink 500ml
597,Kairali Prabhanjanavimardanam kuzhampu -450 ml
598,Kairali Arogya Tea 100gms
599,Kairali Taahira Tea - 100% Caffeine free tea- For Strengthening & Rejuvenating (100 grams)
600,Kairali Yuvan Tea - 100% Caffeine free tea- For Healing & Detoxifying (100 grams)
601,"Tea Combo(Arogya,Yuvan,Taahira) -90gm"
602,Cardospa -60 capsules
603,The Ayurvedic Cook Book
604,Kairali Spazyme Capsule - A herbal product for gastric upsets and improving bowel function (60 capsules/ Box)
605,Kairali Spazyme Syrup - A herbal product for gastric upsets and improving bowel function (200 ml)
606,Kairali Durance (10 capsules/ Box)
607,Kairali Spa Col - A herbal product for reducing Cholesterol and correcting Metabolism (60 capsules/ Box)
608,Kairali Spaliv Capsule - A herbal product for all type of Liver disorders (60 capsules/ Box)
609,Kairali Spaliv Tonic - A herbal product for all type of Liver disorders (200 ml)
610,Kairali Spa Rub - A herbal product for all types of Muscular aches and pains (10 grams)
611,Kairali Lipidex - A herbal product for correcting Obesity and Overweight (60 Capsules/ Box)
612,Kairali Mulberine Capsule - A herbal product for good health (60 capsules/ Box)
613,Kairali Mulberine Tonic - A herbal product for good health (200 ml)
614,Kairali Rheuma Spa - A herbal product for reducing Rheumatism and Arthritis related issues (60 capsules/ Box)
615,Kairali Kairtis Oil 55ml
616,Kairali Kairtis - Ayurvedic oil for Rheumatism & Arthritis (55 ml)
617,Kairali Massage Book
618,Kairali Kairheal - (200 ml)
619,Kairali Kairoil - Ayurvedic hair oil (200 ml)
620,Kairali Kairbossom - Ayurvedic breast massage oil for enhancing beauty (200 ml)
621,Kairali Kaircin -  (10 ml)
622,Kairali Kaircin - (25 ml)
623,Kairali Kairpack - Ayurvedic organic face pack (25 grams)
624,Kairali Kairwash Powder - Ayurvedic organic shampoo (25 grams)
625,kairali Aloevera Shampoo 200ml
626,Kairali Amla Shikakai Shampoo 200ml
627,Kairali Henna Shampoo (200ml)
628,Kairali Lemon Shampoo (200ml)
629,Kairali Orange Blossom Shampoo (200ml)
630,Kairali Handmade Neem Soap (100 grams)
631,Kairali Handmade Sandal Soap (100 grams)
632,Amla Candy 300gm
633,Amrit Balm 10gm
634,Amrit Balm 20gm
635,Adarsh Goseva Angarag soap 90gms
636,Adarsh Goseva Angarag Bath Powder
639,Aushadhi Bhavan Gulkand with prawal 1Kg
640,Gau Naturals Herbal Bath Powder(Sunni pindi) 200gms
641,Gau Naturals Gavya Tea -100gms
642,Gau Naturals Omu Water 200ml
643,Hillarious Ayurveda Diactral 5gmx30
644,Wheat Grass Powder 100gms
645,Fenugreek leaf Spice Powder 60gms
646,Palm Crystals 150gms
647,Roasted Flax Seeds 100gm
648,Kairali Herbal Hair Conditioner (200 ml)
649,Kairali Herbal Moisturising Lotion (200ml)
650,Kairali Strawberry Shower Gel (200ml)
651,kadhi Aleovera Soap 125mg
652,khadi Apricot Soap 125mg
653,kadhi Sandal Soap 125mg
654,Khadi Bhringraj Herbal Oil 200ml
655,Khadi Herbal massage oil 200ml
656,Khadi  Moisturazing lotion Aloevera 200ml
657,Khadi  Moisturazing lotion Cocoa Butter 200ml
658,Khadi  Moisturazing lotion Jasmine -210 ml
659,Khadi  Moisturazing lotion Sandal 200ml
660,Khadi Rose Water 200ml
661,Neem wood combs ( set of 2)
662,Zenith Nutrition Green Tea Plus 500 mg - 60  Veg Capsules
663,Zenith Nutrition Green Tea Plus 500 mg - 120 Veg Capsules
664,Zenith Nutrition Green Tea Plus 500 mg - 240 veg Capsules
665,Zenith Nutrition Grape Seed Extract 50mg - 60 Capsules
666,Zenith Nutritions Horny Goat Weed Complex 1150mg 120 Capsules
667,Rose chamomile ( gulab karpura pushpa chai ) 50gms
668,Zenith Nutrition L-Arginine 1000mg 240 Capsules
669,Add Veda ADDRYL -60 capsules
670,Add Veda DIABETES HEALTH -60 capsules
671,Add Veda ADD MEMORY -60 capsules
672,Zenith Nutrition L-Carnitine 500mg 60 Capsules
673,Add Veda THYROID HEALTH -60 capsules
674,Add Veda ADD AIR -60 capsules
675,Zenith Nutrition Lycopene -10000
678,Add Veda ADD HAIR -60 capsules
679,Add Veda ADD PLATELETS -60 capsules
680,Zenith Nutrition Lycopene With Calcium
684,Add Veda ADD ENERGY -60 capsules
685,Add Veda BIO ORTHO -60 capsules
686,Add Veda FRESH LIV -60 capsules
687,Add Veda ADD DIGEST -60 capsules
688,Add Veda SHE HEALTH -60 capsules
689,Add Veda ADD SPERM -60 capsules
690,Add Veda STEMNO -60 capsules
691,Add Veda NO FEVER - 60 capsules
692,Zenith Nutrition Methylcobalamin-300 Capsules
696,Zenith-Nutrition-Mucuna-Pruriens-Plus-200-mg
700,Zenith-Nutritions-Grape-Seed-Extract-250mg
704,Zenith Nutrition Grape Seed Extract 500mg
708,Add Veda PURE HEAM -60 capsules
709,Add Veda ADD HB -60 capsules
710,Add Veda ADD JOY -60 capsules
711,Zenith Nutrition Green Coffee bean extract-400 mg
715,Add Veda ADD IMMUNE -60 capsules
716,Zenith Nutrition Green Tea Extract 250mg
721,Add Veda ADD GOLD -60 capsules
722,Add Veda ADD GROWTH -60 capsules
723,Zenith Nutrition Nettle Root Extract 300 mg -90 Veg Capsules
724,Zenith Nutrition Niacin
727,Zenith Nutrition Green Tea Extract 400mg-60 Capsules
732,Zenith Nutritions Gymnema Plus-450mg-60 Capsules
735,Zenith Nutrition Omega-3 EFA-120 Capsules
738,Zenith Nutrition Hair Fab-30 Capsules
741,Zenith Nutrition Pine Bark Ext -100mg-60 Capsules
744,Zenith Nutrition Hawthorn 140 mg -120 capsules
745,Zenith Nutrition Heart Shield-30 Capsules
748,Zenith Nutrition Pine Bark Ext With Calcium-60 Capsules
752,Zenith Nutrition Probiotic Blend -240 Capsules
753,Trifala Ras 500ml
755,Zenith Nutrition Resveratrol Plus-60 Capsules
759,Zenith Nutrition Lycopene With MultiVitamins-200 Capsules
762,Zenith Nutrition Lycopene With Saw Palmetto-60 Capsules
765,Zenith Nutrition Selenium 200 mcg-60 Capsules
769,Zenith Nutrition Super Calcium 600-180 Capsules
772,Zenith Nutrition Turmeric Curcumin Ext 300mg
776,Zenith Nutrition Turmeric Root Ext 500mg
779,Ancient Living Set of 12 Essential oils
780,Zenith Nutrition Vitamin-D  Calcium-180 Capsules
784,Zenith Nutrition StressFly - 60 Capsules
785,Ancient Living Almond baby massage oil 100ml
788,Zenith Nutrition Vitamin B2
791,Ancient Living Organic Anti Pimple Face Pack 40gm
792,Ancient Living Organic Ashta Dasa Hair Oil
796,Zenith Nutrition Vitamin B6 - 300 Capsules
797,Ancient Living Avocado & Basil Luxury Handmade Soap 100gm
798,Ancient Living Baby Bath powder 100gm
799,Zenith Nutrition Vitamin B-100 Complex-100 Capsules
803,Ancient Living Basil & Mint Body Wash
806,Zenith Nutrition Vitamin B-Complex-180 Capsules
809,Ancient Living Organic Basil Essential Oil 10ml
810,Zenith Nutrition Vitamin-D3-120 Capsules
813,Zenith Nutrition Vitamin-E 200mg-100 Capsules
817,Ancient Living Bergamot Essential Oil 10ml
818,Zenith Nutrition Zenith Protein Blend - 500 gms
822,Ancient Living Organic Brahmi & Amla Hair oil
826,Ancient Living Calm Blended Oil 10ml
827,Zenith Nutrition Zenith Protein Nutritional Shake -500 gm
830,Ancient Living Citronella Essential Oil 10ml
831,Ancient Living Organic Clove Essential Oil 10ml
832,Zenith Nutrition Zenith Protein Pure Whey - 300 gms
835,Zenith Nutrition Zenith Protein Daily Protein -300gms
838,Ancient Living Organic Eucalyptus Essential Oil 10ml
839,Zenith Nutrition Saw Palmetto 160mg-120 Capsules
840,Zenith Nutrition Saw Palmetto 320mg -300 Capsules
841,Ancient Living Manjistha Face Wash 100ML
842,Ancient Living Manjistha Face Wash 50ml
843,Ancient Living Rose & Orange face pack 40gm
844,Zenith Nutrition Silymarin Milk Thistle Standardized-400mg
847,Ancient Living Organic Grapefruit Essential Oil -10ml
848,Ancient Living Rosemary Essential Oil  10ml
849,Ancient Living Organic Sensual Blended Oil 10ml
850,Ancient Living Sesame baby massage oil
853,Zenith Nutrition Zenith Protein Pure Soy - 500 gms
854,Ancient Living Organic Shikakai Hair cleanser 100gm
855,Ancient Living Organic Hibiscus & Bhringraj Hair oil -100ml
856,Ancient Living Multani Mitti 100gms
857,Organic Soapnut Powder 100gm
858,Ancient Living Organic Hibiscus & Bhringraj Hair oil -50ml
859,Ancient Living Natural Hair Protein pack 100gms
860,Ancient Living Organic Hibiscus & Bhringraj Hair oil -200ml
861,Ancient Living Neem & Lemon Luxury Handmade Soap 100gms
862,Ancient Living Tea Tree Essential Oil 10ml
863,Zenith Nutrition Vigo and Vita Men's-30 Capsules
866,Ancient Living Neem Wood pocket Comb
867,Ancient Living Neroli & Vetiver Luxury Handmade Soap 100gms
868,Ancient Living Tea tree Luxury Handmade Soap 100gm
869,Ancient Living Lemongrass Essential Oil -10ml
870,Ancient Living Organic Thyme Essential Oil 10ml
871,Zenith Nutrition Resveratrol Plus With Gymnema Sylvestre-60 Capsules
874,Ancient Living Neroli Essential Oil 10ml
875,Ancient Living Organic Tulasi & Neem face pack 40gm
876,Ancient Living Orange Essential Oil 10ml
877,Ancient Living Organic Rose Water 100ml
878,Ancient Living Orange Luxury Handmade Soap 100gms
879,Ancient Living Focus Blended Oil
880,Ancient Living Turmeric Lemon Body Wash
883,Ancient Living Organic Ylang Ylang Essential Oil 10ml
884,Ancient Living Organic Anti Dandruff Pack -100gm
885,Ancient Living Palmarosa Essential Oil 10ml
886,Ancient Living Organic Henna Mix -100gm
887,Ancient Living Pachouli Essential Oil 10ml
888,Zenith Nutrition Slim Shake-500 gm
893,Ancient Living Organic Luxury Bath Powder -100gm
894,Ancient Living Peppermint Essential Oil 10ml
895,Ancient Living Radiance face pack 40g
896,Ancient Living Organic Lemon & papaya face pack-40gm
897,Ancient living Rejuvenative pace pack 40g
898,Ancient Living Organic Kasthuri Turmeric Pack -100gm
899,Ancient Living Rejuvenative Shampoo 50ml
902,Ancient Living Revitalizing face scrub
903,Ancient Living Hydrating Shampoo -200ml
904,Zenith Nutrition Vitamin K2  as MK7 - 100mcg-60 Capsules
907,Ancient Living Hydrating Shampoo -50ml
908,Ancient Living Grapefruit & Neroli Luxury Handmade Soap -100gm
909,Ancient Living De-stress Blended Oil -10ml
910,Ancient Living Organic Insect Repellent Blended Oil -10ml
911,Ancient Living Set of 6 Organic Essential oils
912,Zenith Nutrition Super Garlic 1000-90 Capsules
916,Zenith Nutrition Vegan Omega-3 DHA-30 Capsules
920,Zenith Nutrition Ubiquinol  200 mg  - 30 Veg Capsules
921,Zenith Nutrition Ubiquinol 100 mg  - 60 Veg Capsules
922,Zenith Nutrition Ubiquinol  50 mg-60 Capsules
925,Zenith Nutrition Tribulus 400mg -60 Veg Capsules
926,Zenith Nutrition Tribulus 800mg-120 Capsules
929,Zenith Nutrition ResveratrolGrapeseed Ext  Redwine Extract - 60 Capsules
930,Zenith-Nutrition-Resveratrol-60mg -60 capsules
931,Zenith Nutrition Resveratrol-100mg -120 capsules
932,Zenith-Nutrition-Resveratrol-500mg-60 Capsules
935,Zenith Nutrition Boswellia Plus-250-mg-60 Capsules
939,Zenith Nutrition Curcumin 475 mg-120 Capsules
942,Zenith Nutrition Curcumin Plus-500mg-60 Capsules
946,Zenith Nutrition Curcumin with Piperine-60 Capsules
949,Zenith Nutrition Ginkgo Biloba 60mg-90 Capsules
952,Zenith Nutrition Ginkgo Biloba-120mg-120 Capsules
955,Zenith Nutrition Ginkgo Biloba-180mg-90 Capsules
958,Zenith Nutrition Ginseng-300mg -300 capsules
959,Zenith Nutrition Ginseng-500mg -100 capsules
960,Zenith Nutrition Ginseng With Ashwagandha -240 capsules
961,Zenith Nutrition Fenugreek Plus-500mg-180 Capsules
964,Zenith Nutrition Fenugreek Seed-1020Mg-180 Capsules
967,Zenith Nutrition Probiotic Fiber -240 capsules
968,Zenith Nutrition Probiotic Immune-90 Capsules
972,Zenith Nutrition Astaxanthin-6mg-60 Capsules
975,Zenith Nutrition Fertil Edge For Men -60 capsules
976,Zenith Nutrition Folic Acid-2mg-100 capsules
979,zenith nutritions 5-spirulina-500mg-100 Capsules
983,Zenith nutritions 6-spirulina-500mg-200 Capsules
986,Zenith Nutrition Biotin-10000mcg-60 Capsules
989,Zenith Nutrition-CoQ10-30mg-60 Capsules
992,Zenith Nutrition-CoQ10-60mg-60 Capsules
996,Zenith Nutrition-CoQ10-100mg-60 Capsules
1000,Zenith Nutrition CoQ10 Plus - 240 Capsules
1001,Zenith Nutrition Garlic With Lecithin-200 capsules
1004,Zenith Nutrition Grape Seed Extract-50mg -60 capsules
1005,Grape Seed Extract 100mg -60 capsules
1006,Grape Seed Extract 150mg -60 capsules
1007,Zenith Nutrition Colostrum-350mg -60 capsules
1008,Zenith Nutrition Colostrum-300mg-60 Capsules
1012,Zenith Nutrition Colostrum-400mg-60 capsules
1016,Zenith Nutrition Chaste berry-200mg-60 Capsules
1019,Zenith Nutrition Ashwagandha-225mg-120 Capsules
1022,Zenith Nutrition Ashwagandha-450mg-60 Capsules
1026,Zenith Nutrition Cranberry  800 mg-60 Capsules
1029,Zenith Nutrition AcaiFab - 250mg-120 Capsules
1032,Zenith Nutrition Garcinia Plus - 500mg-60capsules
1036,Organic India Tulsi Green Tea Lemon Ginger 18 TB
1037,Organic India Tulsi Green Tea Earl Grey 18 TB
1038,Organic India Tulsi Green Tea Jasmine 18 TB
1039,Organic India Triphala Powder 100 Gm
1040,Organic India Dehydrated Mango Slices 200 grm
1041,Organic India Organic Desi Ghee 450 ML
1042,Organic India Coconut Oil Extra Virgin 500 Ml
1043,Organic India Organic Honey wild Forest 250 Grm
1044,Organic India Flax Seed 100 Grm
1045,Organic India Tulsi Ginger Turmeric 25 TB
1046,Organic India Executive Deluxe Wooden Gift
1047,Organic India Super Deluxe Wooden Gift Box
1048,Organic India Darjeeling Tea 100 Gram Tin
1049,Organic India Darjeeling Tea 18 TB
1050,Organic India Tulsi Lax 18 TB
1051,Organic India Tulsi Tummy 18 TB
1052,Tulsi Cleanse 18 TB
1053,Organic India Tulsi Sleep 18 TB
1054,Organic India Tulsi Honey Chamomile 18 TB
1055,Organic India Tulsi Masala Chai 100 GM Tin
1056,Organic India Tulsi Original 25 TB
1057,Organic India Tulsi Ginger 25 TB
1058,Organic India Tulsi Original 100 GM Tin
1059,Organic India Tulsi Ginger 100 GM Tin
1060,Organic India The Tulsi Green 100 GM Tin
1061,Organic India Tulsi Ginger Turmeric 25 Tea Bags
1062,Organic India Tulsi Green Tea Pomeogranate 18 TB
1063,Organic India Tulsi Masala Chai 25 TB
1064,Organic India Tulsi Brahmi Tea 25 TB
1065,Organic India Tulsi Sweet Rose 18 TB-32.4gm
1066,Organic India Tulsi Mulethi 18 TB
1067,Organic India Tulsi Sweet Lemon 18 TB
1068,Arogyarahasya Prana shakthi 15ml
1069,Arogya rahasya gomutra ark 500ml
1070,Arogya rahasya gomutra ark 200ml
1071,Arogya rahasya karela juice 500ml
1072,Banjara's black henna(Natural black) -50gm
1073,Banjara's Mulanti mitti face pack 100gms
1074,Banjara's papaya face wash 50ml
1075,Banjara's saffron facial kit 60gm
1076,Banjara's Samvridhi hair oil -125ml
1077,Banjara's shikakai hair care powder 100gm(20g*5)
1078,Being Desi Cold pressed black sesame oil 500ml
1079,Being Desi honey bael candy 250gms
1080,Being desi Honey gulkand 400gms
1081,Gau naturals castor oil 100ml
1082,Gau naturals Neem oil 100ml
1083,Gau naturals Rasam powder -100gms
1084,Gita trifala vati 50gm
1085,Gita lal dantmanjan 200gm
1086,Goratna Nikhar cream 50gms
1087,Goratna Panchagavya with sandal bath soap -75gms
1088,Goseva Pachanamrit 60gm
1089,Sanatan Gomutra ark 50ml
1090,Sanatan Trifala churna
1091,Sanatan Tooth powder 80gms
1092,Sanatan Jasmine(Mogra) Incense sticks 25gms
1093,Dentone tooth powder
1094,Khadi Strawberry handmade soap -125 gm
1095,Goratna Mehodari tablets 100gm
1096,Amrita's kumkumadi lepam 25gms
1097,Gau Naturals Sujala gomaya bhasma -35 gms
1098,Akshaya's Gousuddhi floor cleaner 1lit
1099,Arogya rahasya herbal floor cleaner 1 lit
1100,Arogya Rahasya Swasa kalpa 180ML
1101,Kushal kanthil
1102,Prakruthi vanam traditional shampoo 200ml
1103,Kairali Kairtis - Ayurvedic oil for Rheumatism & Arthritis (110 ml)
1104,Deha organic tulsi green tea 50gms jar
1105,Deha Organic mint green tea 50gm jar
1106,Organic India Bowelcare 60 capsules bottle 200gm
1107,Organic India Breathe free 60 capsules bottle 200gm
1108,Organic India Flexibility 60 capsules bottle 200ms
1109,Organic India Organic Neem 60 capsules bottle 200gms
1110,Organic India Immunity 60 capsules bottle 200gms
1111,Organic India Lipid care 60 capsules bottle 200gms
1112,Organic India LKC care 60 capsules bottle 200gms
1113,Organic India Osteoseal 60 capsules bottle 200gms
1114,Organic India Sugar balance 60 capsules bottle 200gms
1115,Organic India Vitality 60 capsules bottle 200gms
1116,Organic India WT balance 60 capsules bottle 200gms
1117,Organic India WWB 60 capsules bottle 200gms
1118,Organic India Heart care 60 capsules bottle 200gms
1119,Organic India Prostate care capsules bottle 200gms
1120,Organic India Amalaki 60capsules bottle 200gms
1121,Organic India Ashwagandha 60 capsules bottle 200gms
1122,Organic India Brahmi 60 capsules bottle 200gms
1123,Organic India Moringa 60 capsules bottle 200gms
1124,Organic India Shatavari 60 capsules bottle 200gms
1125,Organic India Triphala 60 capsules bottle 180gms
1126,Organic India Tulsi 60 capsules bottle 200gms
1127,Organic India Turmeric formula 60 capsules bottle 200gms
1128,Organic India OH Boy 30 capsules bottle 180gms
1129,Organic India Amla Yummies 100gms
1130,Organic India Beautiful Skin 60 capsules bottle 200gms
1131,Organic India Trikatu's 60 capsules bottle 200gms
1132,Organic India Cinnamon 60 capsules bottle 200gms
1133,Organic India Flax seed oil 60 capsules bottles 200gms
1134,Organic India Bowelcare 250 Capsules bottle 700gms
1135,Organic India Breathe free 250 capsules bottle 700gms
1136,Organic India Flexibility 250 capsules bottle 700gms
1137,Organic India Herbal Antibiotic 250 capsules bottle 700gms
1138,Organic India Immunity 250 capsules bottle 700gms
1139,Organic India LKC 250 capsules bottle 700gms
1140,Organic India Osteoseal 250 capsules bottle 700gms
1141,Organic India Sugar balance 250 capsules bottle 700gms
1142,Organic India Vitality 250 capsules bottle 700gms
1143,Organic India WT Bal 250 capsules bottle 700gms
1144,Organic India WWB 250 capsules bottle 700gms
1145,Organic India Amalaki 250 capsules bottle 700gms
1146,Organic India Brahmi 250 capsules bottle 700gms
1147,Organic India Shatavari 250 capsules bottle 700gms
1148,Organic India Triphala 250 capsules bottle 700gms
1149,Organic India Tulsi 250 capsules bottle 700gms
1150,Organic India Wheatgrass 100 Gram
1151,Organic India Organic Turmeric Powder 500 Gram
1152,Organic India Moringa Powder 100 Gram
1153,"INLIFE Glucosamine Sulphate, MSM, Calcium Vitamin D3, 60 Tablets For Knee Care"
1154,"INLIFE Evening Primrose Extra Virgin Cold Pressed Oil, 60 Capsules, Female care"
1155,"INLIFE Natural Neem Face Wash 200 ml, Soap & Paraben Free For Acne & Black Spots"
1156,"INLIFE Wheat Germ Oil 500 mg, 60 Capsules"
1157,"INLIFE Multivitamin and Multiminerals, 60 Tablets With Biotin For Men and Women"
1158,"INLIFE Flaxseed Oil - Extra Virgin Cold Pressed Oil, 60 Capsules"
1159,INLIFE FLAXSEED OIL VEGETARIAN CAPSULE 500mg 60 capsules
1160,Deha's organic rose green tea 50gms jar
1161,Deha's masala chai 100gms jar
1162,Deha's Oolong tea 50gms jar
1163,Lemon Body  Mist 100Ml
1166,Sandalwood Body Mist 100ml
1168,Organic moringa and curry leaves hair pack ( kesh lepana ) 75gms
1169,Himalayan orange peel powder 40gms
1170,Real charcoal lemon hand crafted soap Set of 3-130 gms
1171,Country honey coconut natural  hand crafted soap set of 3
1172,Stress Relief body oil 100ml
1173,Orange Body massage oil 100ml
1174,Lemongrass Body massage oil 100Ml
1175,Basil Body Massage oil 100ML
1176,Herbal Body massage oil 100ml
1177,Herbal Hair Oil 100ml
1178,Zenith Nutrition CoQ10 60mg - 240 Capsules
1179,Ancient Living Tea Tree Face Wash
1182,Indus Valley Amla Powder
1183,Indus Valley Bio organic argan Oil Shampoo -100ml
1184,Indus Valley Gel Hair colour
1185,Indus Valley Brahmi Powder
1186,Indus Valley Brown Henna Hair Colour
1187,Indus Valley Bio organic Colour Protective Shampoo -100ml
1188,Indus Valley Moroccan Argan Hair Care Oil
1189,Indus Valley Bio Organic Cold Pressed Almond Oil -100ml
1190,Indus Valley Bio Organic Grow Out Hair Oil -100ml
1191,Indus Valley Extra Virgin Olive Oil -100ml
1192,Indus Valley Organic Indigo Powder For Hair -100gms
1193,Indus Valley Bio organic Soft Black Henna Hair Color
1194,Indus Valley Bio Organic Orange Peel Powder
1195,Indus Valley Bio Organic Reetha Powder
1196,Indus Valley Multani Mitti Powder
1197,Indus Valley Sandalwood Face Pack
1198,Indus Valley Bio Organic Shikakai Powder
1199,Indus Valley Herbal Henna Powder
1200,Indus Valley Gel Hair Colour Burgundy 3.6
1201,Indus Valley Gel Hair Colour Dark Brown 3.00
1202,Indus Valley Gel Hair Colour Light Brown 5.0
1203,Indus Valley Gel Hair Colour Medium Brown 4.00
1204,Indus Valley Gel Hair Colour Copper Mahogany 5.40
1205,Apple Cider Vinegar with Mother of Vinegar (UNFILTERED ACV) 500ml
1206,True elements Spearmint Infusion Tea 100gm
1207,True elements Spearmint Green Tea 100gm
1208,True elements Strawberry Muesli 400gm
1209,True elements Fruit and Nut Muesli 400gm
1210,Apple Cider Vinegar (ACV) with Lemon  Honey and Garlic 500ml
1211,True elements Neem Honey 350gm
1212,True elements Ginger Honey
1213,True elements Raw Acacia Honey 350gm
1214,True elements Roasted Watermelon Seeds 125gm
1215,True elements Roasted Flax and Watermelon Seed Blend 125gm
1216,True elements Raw Sunflower Seeds 150gm
1217,True elements Raw Chia Seeds 150gm
1218,True elements Raw Pumpkin Seeds 150gm
1219,True elements Raw Watermelon Seeds 150gm
1220,True elements Roasted Flax Seeds 125gm
1221,True elements Roasted Sunflower Seeds 125gm
1222,True elements Darjeeling Black Tea 100gm
1223,True elements Oolong Tea 50gm
1224,True elements Green Tea with Tulsi 100gm
1225,True elements Yellow Saffron Tea 50gm (Safflower Tea)
1226,True elements Cranberry and Blueberry Muesli 400gm
1227,True elements Seeds and Nuts Muesli 350gm
1228,True elements Honey Shots 160gm
1229,Nutritional Grains - Manipur origin/Chak-Hao/Black Rice (Vitamins and Minerals rich)-1Kg
1230,True elements Nutritional Grains - Bamboo Rice (Strength and Vitality) 1kg
1231,True elements Cane Sorghum - Alternative for Unsulphured Molasses 650gm
1232,True elements Butterscotch Muesli 400gm
1233,True elements Chamomile Tea 100gm
1234,Apple Cider Vinegar with Cinnamon and Honey 500ml
1235,True elements Apple Cider Vinegar With Honey 500ml
1236,True elements Apple Cider Vinegar with Seabuckthorn 500ml
1237,True elements Goji berries 100gm
1238,True elements Pitted Prunes 200gms
1239,True elements Hazelnuts 150gm
1240,True elements Brazil Nuts 150gms
1241,True elements Dried Cranberries 150gm
1242,True elements Dried Blueberries 150gm
1243,True elements Raw Organic Honey 350gms
1244,True elements Gluten Free Steel Cut Oats 500gm
1245,True elements Seeds and Nuts Muesli 400gm
1246,True elements Gluten Free Rolled Oats 1kg
1247,"Harippa Watermelon Seeds Roasted, Tangy Oregano 100gm"
1248,True elements Harippa Spicy Sunflower seeds Roasted -100 gm
1249,"True elements Harippa Pumpkin Seeds Roasted, Cheesy Onion 100gm"
1250,True elements Roasted Darjeeling Tea 100gm
1251,True elements Raw Chia Seeds 250gm
1252,True elements Raw Pumpkin Seeds 250gm
1253,Harippa Roasted Pumpkin Seeds Snack Salted Crunch 125gm
1254,Harippa Roasted Flax Seeds Salted Snack Crunch 125gm
1255,"Harippa Roasted Sunflower, Pumpkin & Flax Seeds Snack Salted Crunch 125gm"
1256,True elements Quinoa 500gm
1257,IMC Sugar Away Ras -500ml
1258,IMC Pain Away Cream -30 gms
1259,Terra greens black pepper 100gms
1260,IMC Sugar Away Tablets -30 tablets
1261,Terra greens chana dal 500gms
1262,Terra greens chana dal 1kg
1263,IMC Fat Away Tablets -30 tablets
1264,Terra greens coriander whole 100gms
1265,IMC Fresh Morning Tablets -30 tablets
1266,Terra greens coriander powder 100gms
1267,Terra greens cumin 100gms
1268,Terra greens Fenugreek (Menthulu) 100gms
1269,IMC Piles Away Tablets -30 tablets
1270,Terra greens Garam Masala Powder 100gms
1271,Terra Green moong 1kg
1272,IMC Pain Away Tablets -30 tablets
1273,Terra greens Green Moong 500gms
1274,Terra greens yellow moong dal 1kg
1275,Terra greens Sonamasuri Brown Rice 1kg
1276,Terra greens Sonamasuri Brown Rice 5kgs
1277,Terra greens Sonamasuri Hand Pound Rice 1kg
1278,Terra greens Polished Rice 1kg
1279,Terra greens tur dal 1kg
1280,Terra greens tur dal 500gms
1281,Terra greens turmeric powder 100gms
1282,Terra greens Urad Dal Whole White 1kg
1283,Banjara's Skin Positive Beauty Lotion -100ml
1284,Vitro Mosquito Repellent Aloe Gel -100gm
1285,Arogya Rahasya Cow dung Cakes
1286,Lamp
1287,IMC Herbal Honey -350gm
1288,Dhampur Green Organic Jaggery Powder 700gms
1289,Gau Naturals Organic Aswagandha Chutney Powder -90gms
1290,Gau Naturals Organic Curryleaf Chutney Powder -200gms
1291,Terra greens Urad Dal Whole White 500gms
1292,Terra greens Urad Dal White Split 1kg
1293,Terra greens Urad Dal White Split 500gms
1294,Terra greens kismis 100gms
1295,Terra greens Kabuli Chana 1 kg
1296,Terra greens Kabuli Chana 500gms
1297,Terra greens Raw Pea Nuts 1kg
1298,Terra greens Raw Pea Nuts 500gms
1299,Terra greens Wheat Whole 1kg
1300,Terra greens cloves 50gms
1301,Terra greens cinnamon 100gms
1302,Terra greens Jaggery powder 500gms
1303,Terra greens Masoor dal red 500gms
1304,Terra greens White poha 500gms
1305,Terra greens Red Chilly Whole 100gms
1306,Terra greens Flax Seeds 200gms
1307,IMC Aloe Cumin Cookies -150gms
1308,IMC Protiwon -75gms
1309,IMC Herbal Skin Toner Cake -75gms
1310,IMC Ayurvedic Skin Care Soap -100gms
1311,IMC Shri Tulsi -10ml
1312,IMC Pain Away Oil -100ml
1313,Health Sutra Millet Rawa 400gms
1314,Khadi facewash Neem and Turmeric 200ml
1315,IMC Anti-oxidant Tea -250gms
1316,Being Desi Neem Honey 300gms
1317,Dhampure Sugar cubes rough cut (350gm)
1318,Amrita Drugs Brahmi Power Memory Booster
1322,Chamong Organic Darjeeling Regular Tea Bag ( 25 X 2 Box = 50 Tea Bags )
1323,Chamong Organic Darjeeling Regular Tea Bag Combo  ( 25 X 4 Box = 100 Tea Bags)
1324,Chamong Organic Lemon Green Regular Tea Bag Combo ( 25 X 4 Box = 100 Tea Bags)
1325,Chamong Organic Darjeeling Green Tea Loose Leaf ( 100g X 1 Box = 100 gms)
1326,Chamong Organic Darjeeling Envelope Tea Bag ( 25 X 1 Box = 25 Tea Bags )
1327,AR Special Pack
1328,Arogya Rahasya Iron Tawa round for dosa making  9 Inches
1329,Arogya Rahasya Iron roti maker for home use
1330,Arogya Rahasya Iron tawa round for Roti making
1331,Arogya Rahasya Iron Kadai with wooden handle 7 Inches
1332,Natural Veda Ideal family combo
1334,Bath Special
1336,Arogya Rahasya Digital Copper Bottle
1337,Arogya Rahasya Digital Copper Bottle
1338,Arogya Rahasya Digital Copper Bottle(Green Design)
1339,H2O Copper Water Bottle
1344,Arogya Rahasya Iron Kadai with wooden handle 8 Inches
1345,Arogya Rahasya Iron kadai with wooden handle 10 Inches
1346,Arogya Rahasya Iron Induction 9 Inches
1347,Arogya Rahasya Iron tadka pan 10 Inches
1348,Arogya Rahasya Rock Salt (1 Kg)
1349,Spices and Masalas
1350,Moringa peat nut chikki -80 gm
1352,Amla Special
1353,Zenith Nutrition AcaiFab 120 capsules- 500mg
1354,Zenith Nutrition AcaiFab 240 capsules- 500mg
1355,Organic Honey Sachet (10 Sachets) 80gms
1356,Organic Honey Sachet (20 Sachets) 160gms
1357,Organic Green Tea Bags (25 Tea Bags) 50gms
1358,Organic Green Tea Bags (10 Tea Bags) 20gms
1359,Organicana Organic Basket
1360,Naturoday Pudina Makhana Pack of 20-360gms
1361,Naturoday Tomato Makhana Pack of 20-360gms
1362,Dr. Patkar's Apple Cider Vinegar with Mother-500ml
1363,Dr. Patkar's Apple Cider Vinegar with Honey-500ml
1364,Dr. Patkar's Apple Cider Vinegar with Garlic and Honey-500ml
1365,"Dr. Patkar's Apple Cider Vinegar with Garlic, Ginger, Lemon and Honey-500ml"
1366,Dr. Patkar's Apple Cider Vinegar with Cinnamon and Fenugreek-500ml
1367,Dr. Patkar's Natural Apple Cider Vinegar Refined-500ml
1368,"Dr. Patkar's Apple Cider Vinegar with Ginger, Turmeric and Fenugreek-500ml"
1369,Dr. Patkar's Turmeric Vinegar with Mother-500ml
1370,Dr. Patkar's Spirulina-100 Capsules
1371,OW' Real Masala Chai 100gms
1372,OW'Heal Acne - Never 90 capsules
1373,OW'Heal Amla - C Plus 90 capsules
1374,OW'Heal Ashwagandha - W Plus 90 capsules
1375,OW'Heal Bowel - Move 90 capsules
1376,OW'Heal Brahmi Plus 90capsules
1377,OW'Heal Breathe Well 90 capsules
1378,OW'Heal Diabo - Fit  90 capsules
1379,OW'Heal Fat -Fit 90 capsules
1380,OW'Heal Heart - Fit  90 capsules
1381,OW'Heal Herbo - Cal 90 capsules
1382,OW'Heal Immuno - U 90 capsules
1383,OW'Heal Shatavari - A Plus 90 capsules
1384,OW'Heal Triphala  90 capsules
1385,OW'Heal Tulsi Plus 90 capsules
1386,OW'Heal Turmeric - C Plus 90 capsules
1387,OW'Heal Joint - Fit 90 capsules
1388,OW'Heal Lipid - Fit 90 capsules
1389,OW'Heal Women Tone 90 capsules
1390,OW'Heal Om Shanti 90 capsules
1391,OW'Heal Moringa 90 capsules
1392,OW' Real Tulsi Moringa - 25 Bags
1393,OW'Heal Prostate Fit-90 capsules
1394,OW'Heal Skin Tone -90 capsules
1395,OW'Heal Trikatu -90 capsules
1396,OW' Real Ginger Chai-100 gm Tin
1397,OW' Real Masala Chai -100 gm pouch
1398,OW' Real Masala Chai -25 bags
1399,OW' Real Mashalla Green Tea Classic -100gm tin
1400,OW' Real Mashalla Green Tea Classic - 100gm pouch
1401,OW' Real Mashalla Green Tea Classic -25 bags
1402,OW' Real Om Shanti -100gm tin
1403,OW' Real Om Shanti -100gm pouch
1404,OW' Real Om Shanti -25 bags
1405,OW' Real The Original Tulsi -100 gms tin
1406,OW' Real The Original Tulsi -25 bags
1407,OW' Real The Original Tulsi-100gm pouch
1408,OW' Real Tulsi Green Tea + Saffron -25bags
1409,OW' Real Tulsi Green Tea + Saffron -100gm tin
1410,OW' Real Tulsi Indian Rose -100 gm Tin
1411,OW' Real Tulsi Brahmi -25 Tea bags
1412,OW' Real Tulsi Brahmi -100gm Tin
1413,OW' Real Tulsi Brahmi -100gm Pouch
1414,OW' Real Tulsi Ginger -25 Tea bags
1415,OW' Real Tulsi Ginger -100gm Tin
1416,OW' Real Tulsi Ginger -100gm pouch
1417,OW' Real Tulsi Moringa -100gm pouch
1418,OW' Real Tulsi Moringa -100gm Tin
1419,OW'Zeal Moringa Powder -100gm
1420,OW'Zeal Quiona -500gm
1421,OW' Real Tulsi Green Tea Classic -25 bags
1422,OW' Real Tulsi Green Tea Classic -100gm Tin
1423,OW Real Tulsi Green Tea Classic -100gm Pouch
1424,OW' Real Tulsi Green Tea Premium - 25 Tea bags
1425,OW' Real Tulsi Green Tea Premium - 100gm Tin
1426,OW' Real Tulsi Green Tea Premium - 100gm Pouch
1427,OW' Real Tulsi Lemon -100gm Tin
1428,OW' Real Tulsi Lemon -100gm Pouch
1429,OW' Real Sweet Neem -25 Tea bags
1430,OW' Real Sweet Neem -100gm Tin
1431,Organic Wellness OW' Real Sweet Neem -100gm Pouch
1432,Organic Wellness OW'Zeal Basil Seeds -100gm
1433,Organic Wellness OW'Zeal Cow Ghee - 400ml
1434,Organic Wellness OW'Heal Man - X -60 capsules
1435,Organic Wellness OW'Zeal Turmeric Powder - 5% Curcumin - 100gm
1436,Organic Wellness OW'Zeal Wheat Grass Powder - 100gm
1437,Grenera Organics Moringa Capsule Bottle - 120 nos 60gm
1438,"Grenera Organics ""Moringa Original Tea 20 Tea bags / box""40gm"
1439,"Grenera Organics ""Moringa Ginger Tea 20 Tea bags / box""40gm"
1440,"Grenera Organics ""Moringa Lemon Ginger Tea 20 Tea bags / box"" 40gm"
1441,"Grenera Organics ""Moringa Mint Tea 20 Tea bags / box"" 40gm"
1442,"Grenera Organics ""Moringa Pomegranate Tea 20 Tea bags / box"" 40gm"
1443,"Grenera Organics ""Moringa Strawberry Tea 20 Tea bags / box"" 40gm"
1444,"Grenera Organics ""Moringa Green Tea 20 Tea bags / box"" 40gm"
1445,"Grenera Organics ""Moringa Apple Cinnamon Tea 20 Tea bags / box"" 40gm"
1446,"Grenera Organics ""Organic Moringa Leaf powder  240 gram """
1447,Grenera Organics Moringa Oil 100ml bottle
1448,"Grenera Organics ""Amla Original Tea 20 Tea bags / box"""
1449,"Grenera Organics ""Amla Pomegranate Tea 20 Tea bags / box"""
1450,"Grenera Organics ""Amla Mint Tea 20 Tea bags / box"""
1452,"Grenera Organics ""ORGANIC MORINGA LEAF POWDER - 500 GRAMS """
1453,"""Grenera Organics Organic  Green Tea 500g"""
1454,"""Grenera Organics Organic  Wheatgrass Capsules - 90 Capsules / Bottle"""
1455,"""Grenera Organics Organic Spirulina  Capsules - 90 Capsules / Bottle"""
1456,"""Grenera Organics Triphala  Capsules - 90 Capsules / Bottle"""
1457,"""Grenera Organics Green Tea Extract  Capsules - 90 Capsules / Bottle"""
1458,"""Grenera Organic Spirulina  Powder - 500 grams"""
1459,"""Grenera Organic Spirulina  Powder - 100 grams"""
1460,"""Grenera Organic Wheatgrass  Powder 500 grams"""
1461,"""Grenera Organic Wheatgrass  Powder 100 grams"""
1462,Grenera Organics Moringa Almond Smoothie -240 gram
1463,Grenera Organics Moringa Almond Smoothie -100 gram
1464,Grenera Organics Moringa Choco Smmothie - 100 gram
1465,"""Grenera Pkm1 Moringa Seeds  - 100 Nos"""
1466,"Grenera Organics""Garcinia Cambogia Capsules -90 vegetarian capsules / Bottle"""
1467,"Grenera Organics ""Apple Cider Vinegar capsules -90 Vegetarian Capsules / Bottle "" 45gm"
1468,Grenera Organics GREEN TEA 200 GRAM -100 TEA BAGS / BOX
1469,"Grenera Organics ""Organic Moringa Leaf powder 1  Kg """
1470,Grenera Organics Whey protein - Chocolate -350 gm
1471,Grenera Organics Whey protein - Unflavored-350gm
1472,Grenera Organics HIBISCUS INFUSION - 20 TEA BAGS / BOX 40gm
1473,Grenera Organics Silymarin Milk Thistle (Standardized 80%) -120 Vegetarian Capsules 60gm/Bottle -500 mg per Capsule
1474,"Grenera Organics ""Tulsi Lemon Mint Infusion -20 Tea Bags / Box"" 30gm"
1475,"Grenera Organics ""Tulsi Lemon Ginger Infusion -20  Tea bags / box "" 40 gm"
1476,Amlamrut Amla honey 300gms
1477,Aum fresh Dry fruits combo
1486,Gau Naturals Flax seeds powder 200gms
1493,beauty care te
1495,Forest honey 500gms
1498,C2K Desi cow ghee 500gms
1502,Arogya Rahasya Joint Less Copper Bottle
1503,24 Mantra Almonds
1507,24 Mantra Almond and Moringa Chikki Combo
1508,ROCK SALT G
1509,Red chilly powder 100gms
1510,Ajwain whole 100gms
1511,Brown sugar 500gms
1512,Wheat maida 500gms
1513,Peanuts 500gms
1514,Besan flour 500gms
1515,Jaggery powder 500gms
1516,Masoor dal whole 500gms
1517,Turmeric powder 100gms
1518,Flax seeds 100gms
1519,Corn flour 500gms
1520,Tur dal 500gms
1521,Coriander powder 100gms
1522,Ragi flour 500gms
1523,Cumin whole 100gms
1524,Sonamasuri rice
1525,Urad dal  white split 500gms
1526,Urad dal whole white 500gms
1527,Urad dal whole 500gms
1528,Alo fruit Mango juice 300ml
